unit,site,patch_num,flr_id,flr_strp,trmt,seeds_mean,spk_count,spk_wt,spk_flr,mean_flr_dns_m2,germ_rate,seed_flr,prop_prsr_m2,yrs_spraying,phrag_marsh,prop_prsr_marsh
AGE,AGE,1,AGE1.1,0.877,Long-term,5.7,60,0.041,1283.41,55.2,30.39723661,7315.5,403813.581,13,0.114636367,46291.72172
AGE,AGE,1,AGE1.2,1.823,Long-term,6.3,60,0.054,2025.56,,,12761,704407.2,13,0.114636367,80750.68203
AGE,AGE,1,AGE1.3,1.681,Long-term,6.3,60,0.065,1551.69,,,9775.7,539616.517,13,0.114636367,61859.67688
AGE,AGE,1,AGE1.4,0.911,Long-term,5.3,60,0.052,1051.15,,,5571.1,307525.569,13,0.114636367,35253.61387
AGE,AGE,1,AGE1.5,2.204,Long-term,6.3,60,0.065,2034.46,,,12817.1,707504.345,13,0.114636367,81105.72748
AGE,AGE,2,AGE2.1,0.118,Long-term,4.3,60,0.034,208.24,3.2,5.121412804,895.4,2865.31765,13,0.114636367,328.4696046
AGE,AGE,2,AGE2.2,0.306,Long-term,5.3,60,0.034,540,,,2862,9158.4,13,0.114636367,1049.8857
AGE,AGE,2,AGE2.3,0.178,Long-term,4.7,60,0.036,296.67,,,1394.3,4461.86667,13,0.114636367,511.4921834
AGE,AGE,2,AGE2.4,0.597,Long-term,3.7,60,0.046,778.7,,,2881.2,9219.75652,13,0.114636367,1056.919389
AGE,AGE,2,AGE2.5,0.074,Long-term,3.3,60,0.043,103.26,,,340.7,1090.3814,13,0.114636367,124.9973619
AGE,AGE,3,AGE3.1,0.69,Long-term,5,60,0.061,678.69,20.8,0.297951583,3393.4,70583.6066,13,0.114636367,8091.448204
AGE,AGE,3,AGE3.2,0.864,Long-term,5.3,60,0.041,1264.39,,,6701.3,139386.381,13,0.114636367,15978.74827
AGE,AGE,3,AGE3.3,0.646,Long-term,5.3,60,0.052,745.38,,,3950.5,82171.2,13,0.114636367,9419.807809
AGE,AGE,3,AGE3.4,0.177,Long-term,4.3,60,0.063,168.57,,,724.9,15077.0286,13,0.114636367,1728.375778
AGE,AGE,3,AGE3.5,0.595,Long-term,4.3,60,0.049,728.57,,,3132.9,65163.4286,13,0.114636367,7470.098691
AGE,AGE,4,AGE4.1,0.208,Long-term,5,60,0.042,297.14,12.8,0,1485.7,19017.1429,13,0.114636367,2180.056166
AGE,AGE,4,AGE4.2,0.164,Long-term,5,60,0.041,240,,,1200,15360,13,0.114636367,1760.814591
AGE,AGE,4,AGE4.3,0.704,Long-term,4.7,60,0.038,1111.58,,,5224.4,66872.5895,13,0.114636367,7666.030687
AGE,AGE,4,AGE4.4,0.438,Long-term,5,60,0.054,486.67,,,2433.3,31146.6667,13,0.114636367,3570.540703
AGE,AGE,4,AGE4.5,0.318,Long-term,5.3,60,0.045,424,,,2247.2,28764.16,13,0.114636367,3297.418791
AGE,AGE,5,AGE5.1,0.039,Long-term,5.7,43,0.039,43,5.1,0,245.1,1250.01,13,0.114636367,143.2966046
AGE,AGE,5,AGE5.2,0.186,Long-term,5,60,0.058,192.41,,,962.1,4906.55172,13,0.114636367,562.4692618
AGE,AGE,5,AGE5.3,0.198,Long-term,3.7,60,0.057,208.42,,,771.2,3932.90526,13,0.114636367,450.8539693
AGE,AGE,5,AGE5.4,0.364,Long-term,5,60,0.057,383.16,,,1915.8,9770.52632,13,0.114636367,1120.057637
AGE,AGE,5,AGE5.5,0.085,Long-term,3.7,60,0.046,110.87,,,410.2,2092.1087,13,0.114636367,239.8317399
CRU,CRU,1,CRU1.1,0.927,Short-term,4.7,60,0.054,1030,6.4,4.360587002,4841,30982.4,0,0.013508257,418.51821
CRU,CRU,1,CRU1.2,0.237,Short-term,6,60,0.077,184.68,,,1108.1,7091.53247,0,0.013508257,95.79424045
CRU,CRU,1,CRU1.3,1.005,Short-term,5,60,0.06,1005,,,5025,32160,0,0.013508257,434.425533
CRU,CRU,1,CRU1.4,0.236,Short-term,4.3,60,0.051,277.65,,,1193.9,7640.84706,0,0.013508257,103.2145229
CRU,CRU,1,CRU1.5,0.326,Short-term,4.3,60,0.04,489,,,2102.7,13457.28,0,0.013508257,181.7843917
CRU,CRU,2,CRU2.1,0.124,Short-term,4.7,60,0.049,151.84,12,2.410546139,713.6,8563.59184,0,0.013508257,115.6791962
CRU,CRU,2,CRU2.2,0.25,Short-term,4.7,60,0.047,319.15,,,1500,18000,0,0.013508257,243.1486192
CRU,CRU,2,CRU2.3,0.171,Short-term,4.3,60,0.051,201.18,,,865.1,10380.7059,0,0.013508257,140.2252392
CRU,CRU,2,CRU2.4,0.212,Short-term,5,60,0.055,231.27,,,1156.4,13876.3636,0,0.013508257,187.4454805
CRU,CRU,2,CRU2.5,1.102,Short-term,7,60,0.079,836.96,,,5858.7,70304.8101,0,0.013508257,949.6954166
CRU,CRU,3,CRU3.1,1.012,Short-term,5.3,60,0.047,1291.91,4.8,2.918739635,6847.1,32866.3149,0,0.013508257,443.9666159
CRU,CRU,3,CRU3.2,0.576,Short-term,6,60,0.052,664.62,,,3987.7,19140.9231,0,0.013508257,258.5605012
CRU,CRU,3,CRU3.3,0.52,Short-term,4.7,60,0.051,611.76,,,2875.3,13801.4118,0,0.013508257,186.4330123
CRU,CRU,3,CRU3.4,0.595,Short-term,7,60,0.089,401.12,,,2807.9,13477.7528,0,0.013508257,182.0609435
CRU,CRU,3,CRU3.5,0.22,Short-term,5,60,0.035,377.14,,,1885.7,9051.42857,0,0.013508257,122.2690199
CRU,CRU,4,CRU4.1,0.54,Short-term,4,60,0.031,1045.16,12,4.571428571,4180.6,50167.7419,0,0.013508257,677.6787318
CRU,CRU,4,CRU4.2,0.407,Short-term,5.3,60,0.045,542.67,,,2876.1,34513.6,0,0.013508257,466.2185658
CRU,CRU,4,CRU4.3,0.456,Short-term,3.7,60,0.031,882.58,,,3265.5,39186.5807,0,0.013508257,529.3423883
CRU,CRU,4,CRU4.4,0.333,Short-term,5,60,0.033,605.45,,,3027.3,36327.2727,0,0.013508257,490.718122
CRU,CRU,4,CRU4.5,0.473,Short-term,4,60,0.028,1013.57,,,4054.3,48651.4286,0,0.013508257,657.1959826
CRU,CRU,5,CRU5.1,0.545,Short-term,6.3,60,0.064,510.94,8.8,12.36614853,3218.9,28326.375,0,0.013508257,382.6399427
CRU,CRU,5,CRU5.2,0.978,Short-term,4.3,60,0.037,1585.95,,,6819.6,60012.1946,0,0.013508257,810.6601251
CRU,CRU,5,CRU5.3,0.156,Short-term,4,60,0.036,260,,,1040,9152,0,0.013508257,123.6275646
CRU,CRU,5,CRU5.4,0.283,Short-term,4.3,60,0.047,361.28,,,1553.5,13670.7064,0,0.013508257,184.6674103
CRU,CRU,5,CRU5.5,0.435,Short-term,4.3,60,0.064,407.81,,,1753.6,15431.625,0,0.013508257,208.4543506
DK,DK,1,DK1.1,1.17,Short-term,6.52,60,0.067,1047.76,56,0,6831.4,382558.567,3,0.006297035,2408.984502
DK,DK,1,DK1.2,0.313,Short-term,6.52,60,0.051,368.24,,,2400.9,134450.071,3,0.006297035,846.6367382
DK,DK,1,DK1.3,1.959,Short-term,6.52,60,0.065,1808.31,,,11790.2,660249.305,3,0.006297035,4157.612665
DK,DK,1,DK1.4,1.477,Short-term,6.52,60,0.063,1406.67,,,9171.5,513602.133,3,0.006297035,3234.170361
DK,DK,1,DK1.5,1.249,Short-term,6.52,60,0.069,1086.09,,,7081.3,396552.07,3,0.006297035,2497.102073
DK,DK,2,DK2.1,0.689,Short-term,6.52,60,0.052,795,4,0,5183.4,20733.6,3,0.006297035,130.5601949
DK,DK,2,DK2.2,0.483,Short-term,6.52,60,0.048,603.75,,,3936.5,15745.8,3,0.006297035,99.15184613
DK,DK,2,DK2.3,0.54,Short-term,6.52,60,0.047,689.36,,,4494.6,17978.5532,3,0.006297035,113.2115701
DK,DK,2,DK2.4,0.975,Short-term,6.52,60,0.056,1044.64,,,6811.1,27244.2857,3,0.006297035,171.5582075
DK,DK,2,DK2.5,0.851,Short-term,6.52,60,0.062,823.55,,,5369.5,21478.1419,3,0.006297035,135.2486009
DK,DK,3,DK3.1,0.394,Short-term,6.52,60,0.041,576.59,50.4,0.058737151,3759.3,189470.564,3,0.006297035,1193.102682
DK,DK,3,DK3.2,0.199,Short-term,6.52,60,0.041,291.22,,,1898.8,95697.0615,3,0.006297035,602.6076996
DK,DK,3,DK3.3,0.05,Short-term,6.52,60,0.045,66.67,,,434.7,21907.2,3,0.006297035,137.9503946
DK,DK,3,DK3.4,0.594,Short-term,6.52,60,0.031,1149.68,,,7495.9,377793.197,3,0.006297035,2378.976803
DK,DK,3,DK3.5,0.288,Short-term,6.52,60,0.035,493.71,,,3219,162238.464,3,0.006297035,1021.621208
DK,DK,4,DK4.1,1.339,Short-term,6.52,60,0.66,121.73,55.2,0,793.7,43810.1324,3,0.006297035,275.873916
DK,DK,4,DK4.2,1.256,Short-term,6.52,60,0.047,1603.4,,,10454.2,577071.605,3,0.006297035,3633.839817
DK,DK,4,DK4.3,0.822,Short-term,6.52,60,0.047,1049.36,,,6841.8,377669.474,3,0.006297035,2378.197715
DK,DK,4,DK4.4,2.012,Short-term,6.52,60,0.064,1886.25,,,12298.4,678868.92,3,0.006297035,4274.861023
DK,DK,4,DK4.5,0.339,Short-term,6.52,60,0.046,442.17,,,2883,159140.16,3,0.006297035,1002.111081
DK,DK,5,DK5.1,0.61,Short-term,6.52,60,0.068,538.24,6.4,0.158102767,3509.3,22459.4824,3,0.006297035,141.428136
DK,DK,5,DK5.2,0.29,Short-term,6.52,60,0.054,322.22,,,2100.9,13445.6889,3,0.006297035,84.66796713
DK,DK,5,DK5.3,1.195,Short-term,6.52,60,0.068,1054.41,,,6874.8,43998.4941,3,0.006297035,277.0600361
DK,DK,5,DK5.4,0.256,Short-term,6.52,60,0.082,187.32,,,1221.3,7816.36683,3,0.006297035,49.21993174
DK,DK,5,DK5.5,0.274,Short-term,6.52,60,0.052,316.15,,,2061.3,13192.4677,3,0.006297035,83.0734245
FL,FL,1,FL1.1,0.347,Long-term,5.07,60,0.049,424.9,24,3.906581741,2154.2,51701.5837,13,0.012883038,666.0734858
FL,FL,1,FL1.2,0.602,Long-term,5.07,60,0.032,1128.75,,,5722.8,137346.3,13,0.012883038,1769.437651
FL,FL,1,FL1.3,1.292,Long-term,5.07,60,0.052,1490.77,,,7558.2,181396.8,13,0.012883038,2336.941932
FL,FL,1,FL1.4,0.836,Long-term,5.07,60,0.062,809.03,,,4101.8,98443.0452,13,0.012883038,1268.245527
FL,FL,1,FL1.5,2.822,Long-term,5.07,60,0.049,3455.51,,,17519.4,420466.482,13,0.012883038,5416.885814
FL,FL,2,FL2.1,0.884,Long-term,5.07,60,0.036,1473.33,25.3,9.534450652,7469.8,189234.933,13,0.012883038,2437.9209
FL,FL,2,FL2.2,1.188,Long-term,5.07,60,0.065,1096.62,,,5559.8,140849.28,13,0.012883038,1814.566676
FL,FL,2,FL2.3,0.136,Long-term,5.07,60,0.084,97.14,,,492.5,12477.0286,13,0.012883038,160.742038
FL,FL,2,FL2.4,1.697,Long-term,5.07,60,0.065,1566.46,,,7942,201196.32,13,0.012883038,2592.019907
FL,FL,2,FL2.5,0.856,Long-term,5.07,60,0.075,684.8,,,3471.9,87955.712,13,0.012883038,1133.136811
FL,FL,3,FL3.1,0.34,Long-term,5.07,60,0.026,784.62,10.7,0,3978,42432,13,0.012883038,546.6530834
FL,FL,3,FL3.2,0.355,Long-term,5.07,60,0.031,687.1,,,3483.6,37158.1936,13,0.012883038,478.7104333
FL,FL,3,FL3.3,0.533,Long-term,5.07,60,0.031,1031.61,,,5230.3,55789.6258,13,0.012883038,718.7398889
FL,FL,3,FL3.4,0.425,Long-term,5.07,60,0.037,689.19,,,3494.2,37271.3514,13,0.012883038,480.1682496
FL,FL,3,FL3.5,0.995,Long-term,5.07,60,0.037,1613.51,,,8180.5,87258.8108,13,0.012883038,1124.158606
FL,FL,4,FL4.1,0.727,Long-term,5.07,60,0.058,752.07,57.3,3.35078534,3813,218611.407,13,0.012883038,2816.379141
FL,FL,4,FL4.2,0.975,Long-term,5.07,60,0.077,759.74,,,3851.9,220841.299,13,0.012883038,2845.106925
FL,FL,4,FL4.3,0.517,Long-term,5.07,60,0.068,456.18,,,2312.8,132601.377,13,0.012883038,1708.308626
FL,FL,4,FL4.4,1.533,Long-term,5.07,60,0.061,1507.87,,,7644.9,438307.318,13,0.012883038,5646.729989
FL,FL,4,FL4.5,1.186,Long-term,5.07,60,0.055,1293.82,,,6559.7,376087.069,13,0.012883038,4845.144134
FL,FL,5,FL5.1,1.583,Long-term,5.07,60,0.046,2064.78,33.3,8.310077519,10468.4,348948.261,13,0.012883038,4495.51383
FL,FL,5,FL5.2,1.53,Long-term,5.07,60,0.104,882.69,,,4475.3,149175,13,0.012883038,1921.827246
FL,FL,5,FL5.3,0.281,Long-term,5.07,60,0.074,227.84,,,1155.1,38504.5946,13,0.012883038,496.056169
FL,FL,5,FL5.4,0.771,Long-term,5.07,60,0.08,578.25,,,2931.7,97724.25,13,0.012883038,1258.985261
FL,FL,5,FL5.5,2.635,Long-term,5.07,60,0.078,2026.92,,,10276.5,342550,13,0.012883038,4413.084788
GD,GD,1,GD1.1,2.122,Short-term,7,60,0.095,1340.21,37.3,8.975609756,9381.5,349928.968,1,0.016139159,5647.559251
GD,GD,1,GD1.2,0.485,Short-term,6.7,60,0.065,447.69,,,2999.5,111882.785,1,0.016139159,1805.694056
GD,GD,1,GD1.3,0.437,Short-term,5,60,0.056,468.21,,,2341.1,87321.9643,1,0.016139159,1409.303066
GD,GD,1,GD1.4,1.28,Short-term,7,60,0.101,760.4,,,5322.8,198539.406,1,0.016139159,3204.25904
GD,GD,1,GD1.5,1.102,Short-term,6.3,60,0.07,944.57,,,5950.8,221964.84,1,0.016139159,3582.325844
GD,GD,2,GD2.1,1.701,Short-term,5.7,60,0.076,1342.89,50.7,5.643738977,7654.5,388083.15,1,0.016139159,6263.335661
GD,GD,2,GD2.2,1.41,Short-term,5.3,60,0.07,1208.57,,,6405.4,324755.229,1,0.016139159,5241.276275
GD,GD,2,GD2.3,2.528,Short-term,6,60,0.07,2166.86,,,13001.1,659157.943,1,0.016139159,10638.25484
GD,GD,2,GD2.4,1.104,Short-term,6,60,0.062,1068.39,,,6410.3,325003.355,1,0.016139159,5245.28082
GD,GD,2,GD2.5,1.472,Short-term,4.7,60,0.056,1577.14,,,7412.6,375817.371,1,0.016139159,6065.376303
GD,GD,3,GD3.1,2.996,Short-term,5.7,60,0.06,2996,70.7,5.671191554,17077.2,1207358.04,1,0.016139159,19485.74337
GD,GD,3,GD3.2,1.41,Short-term,7.3,60,0.09,940,,,6862,485143.4,1,0.016139159,7829.806468
GD,GD,3,GD3.3,1.093,Short-term,6,60,0.068,964.41,,,5786.5,409103.471,1,0.016139159,6602.585964
GD,GD,3,GD3.4,6.18,Short-term,7,60,0.089,4166.29,,,29164,2061897.98,1,0.016139159,33277.29933
GD,GD,3,GD3.5,3.37,Short-term,5.3,60,0.081,2496.3,,,13230.4,935387.185,1,0.016139159,15096.3625
GD,GD,4,GD4.1,0.44,Short-term,7,60,0.075,352,41.3,0.533333333,2464,101763.2,1,0.016139159,1642.372465
GD,GD,4,GD4.2,0.776,Short-term,5.7,60,0.066,705.45,,,4021.1,166071.055,1,0.016139159,2680.247161
GD,GD,4,GD4.3,1.043,Short-term,6.3,60,0.066,948.18,,,5973.5,246707.427,1,0.016139159,3981.650389
GD,GD,4,GD4.4,1.407,Short-term,6,60,0.069,1223.48,,,7340.9,303177.913,1,0.016139159,4893.036541
GD,GD,4,GD4.5,0.463,Short-term,5.3,60,0.066,420.91,,,2230.8,92132.7909,1,0.016139159,1486.945761
GD,GD,5,GD5.1,2.189,Short-term,7,60,0.072,1824.17,58.7,1.927710843,12769.2,749550.083,1,0.016139159,12097.10796
GD,GD,5,GD5.2,1.783,Short-term,6,60,0.066,1620.91,,,9725.5,570884.182,1,0.016139159,9213.590581
GD,GD,5,GD5.3,1.152,Short-term,7.3,60,0.084,822.86,,,6006.9,352602.514,1,0.016139159,5690.708035
GD,GD,5,GD5.4,2.01,Short-term,7.3,60,0.08,1507.5,,,11004.8,645978.825,1,0.016139159,10425.55496
GD,GD,5,GD5.5,4.587,Short-term,5,60,0.081,3397.78,,,16988.9,997247.778,1,0.016139159,16094.74045
GFV,GFV,1,GFV1.1,1.019,Long-term,5.97,60,0.052,1175.77,30.4,0.150659134,7019.3,213388.006,15,0.016004021,3415.06617
GFV,GFV,1,GFV1.2,0.838,Long-term,5.97,60,0.069,728.7,,,4350.3,132249.517,15,0.016004021,2116.524072
GFV,GFV,1,GFV1.3,0.422,Long-term,5.97,60,0.044,575.45,,,3435.5,104438.095,15,0.016004021,1671.429485
GFV,GFV,1,GFV1.4,1.066,Long-term,5.97,60,0.049,1305.31,,,7792.7,236897.398,15,0.016004021,3791.310978
GFV,GFV,1,GFV1.5,0.5,Long-term,5.97,60,0.049,612.24,,,3655.1,111115.102,15,0.016004021,1778.288447
GFV,GFV,3,GFV3.1,0.613,Long-term,5.97,60,0.06,613,14.4,0.14732965,3659.6,52698.384,15,0.016004021,843.3860542
GFV,GFV,3,GFV3.2,2.346,Long-term,5.97,60,0.058,2426.9,,,14488.6,208635.443,15,0.016004021,3339.006051
GFV,GFV,3,GFV3.3,1.253,Long-term,5.97,60,0.067,1122.09,,,6698.9,96463.7946,15,0.016004021,1543.808613
GFV,GFV,3,GFV3.4,0.896,Long-term,5.97,60,0.052,1033.85,,,6172.1,88877.6862,15,0.016004021,1422.400373
GFV,GFV,3,GFV3.5,0.428,Long-term,5.97,60,0.05,513.6,,,3066.2,44153.1648,15,0.016004021,706.6281851
GFV,GFV,4,GFV4.1,0.938,Long-term,5.97,60,0.05,1125.6,6.4,0.823045268,6719.8,43006.9248,15,0.016004021,688.2837358
GFV,GFV,4,GFV4.2,0.651,Long-term,5.97,60,0.037,1055.68,,,6302.4,40335.2562,15,0.016004021,645.5262949
GFV,GFV,4,GFV4.3,1.155,Long-term,5.97,60,0.049,1414.29,,,8443.3,54037.0286,15,0.016004021,864.8097508
GFV,GFV,4,GFV4.4,0.292,Long-term,5.97,60,0.038,461.05,,,2752.5,17615.899,15,0.016004021,281.9252209
GFV,GFV,4,GFV4.5,1.129,Long-term,5.97,60,0.055,1231.64,,,7352.9,47058.3622,15,0.016004021,753.1230258
GFV,GFV,5,GFV5.1,0.718,Long-term,5.97,60,0.04,1077,41.6,0.061443932,6429.7,267475.104,15,0.016004021,4280.677232
GFV,GFV,5,GFV5.2,0.723,Long-term,5.97,60,0.041,1058.05,,,6316.6,262768.531,15,0.016004021,4205.353138
GFV,GFV,5,GFV5.3,0.301,Long-term,5.97,60,0.055,328.36,,,1960.3,81549.7658,15,0.016004021,1305.12418
GFV,GFV,5,GFV5.4,0.519,Long-term,5.97,60,0.038,819.47,,,4892.3,203517.928,15,0.016004021,3257.105232
GFV,GFV,5,GFV5.5,0.684,Long-term,5.97,60,0.049,837.55,,,5000.2,208007.471,15,0.016004021,3328.955974
GFV,GFV,6,GFV6.1,0.381,Long-term,5.97,60,0.038,601.58,60,0,3591.4,215485.579,15,0.016004021,3448.635773
GFV,GFV,6,GFV6.2,0.607,Long-term,5.97,60,0.058,627.93,,,3748.7,224924.897,15,0.016004021,3599.702818
GFV,GFV,6,GFV6.3,0.576,Long-term,5.97,60,0.045,768,,,4585,275097.6,15,0.016004021,4402.66782
GFV,GFV,6,GFV6.4,0.891,Long-term,5.97,60,0.046,1162.17,,,6938.2,416290.696,15,0.016004021,6662.32512
GFV,GFV,6,GFV6.5,0.494,Long-term,5.97,60,0.047,630.64,,,3764.9,225894.638,15,0.016004021,3615.222573
GH,GH,1,GH1.1,1.163,Long-term,5.7,60,0.045,1550.67,40.8,15.43147208,8838.8,360623.04,9,0.009047105,3262.594597
GH,GH,1,GH1.2,1.212,Long-term,6,60,0.05,1454.4,,,8726.4,356037.12,9,0.009047105,3221.105296
GH,GH,1,GH1.3,1.655,Long-term,5,60,0.048,2068.75,,,10343.8,422025,9,0.009047105,3818.104592
GH,GH,1,GH1.4,1.882,Long-term,5.3,60,0.049,2304.49,,,12213.8,498322.874,9,0.009047105,4508.379488
GH,GH,1,GH1.5,2.545,Long-term,5.3,60,0.046,3319.57,,,17593.7,717822.783,9,0.009047105,6494.218266
GH,GH,2,GH2.1,0.561,Long-term,5,60,0.031,1085.81,16.8,0.965309201,5429,91207.7419,9,0.009047105,825.1660403
GH,GH,2,GH2.2,1.101,Long-term,6,60,0.05,1321.2,,,7927.2,133176.96,9,0.009047105,1204.865974
GH,GH,2,GH2.3,0.592,Long-term,5.7,60,0.032,1110,,,6327,106293.6,9,0.009047105,961.6493862
GH,GH,2,GH2.4,0.81,Long-term,5,60,0.049,991.84,,,4959.2,83314.2857,9,0.009047105,753.7531113
GH,GH,2,GH2.5,0.802,Long-term,4.7,60,0.04,1203,,,5654.1,94988.88,9,0.009047105,859.3743946
GH,GH,3,GH3.1,1.49,Long-term,6,60,0.083,1077.11,40.8,4.766214178,6462.7,263676.145,9,0.009047105,2385.505835
GH,GH,3,GH3.2,2.271,Long-term,7.3,60,0.069,1974.78,,,14415.9,588169.252,9,0.009047105,5321.229126
GH,GH,3,GH3.3,0.736,Long-term,6,60,0.065,679.38,,,4076.3,166313.354,9,0.009047105,1504.654418
GH,GH,3,GH3.4,1.599,Long-term,7.3,60,0.072,1332.5,,,9727.3,396871.8,9,0.009047105,3590.540944
GH,GH,3,GH3.5,0.599,Long-term,8.3,60,0.097,370.52,,,3075.3,125471.357,9,0.009047105,1135.152572
GH,GH,4,GH4.1,1.129,Long-term,7,60,0.073,927.95,74.4,7.743813683,6495.6,483273.863,9,0.009047105,4372.229501
GH,GH,4,GH4.2,1.515,Long-term,5.3,60,0.056,1623.21,,,8603,640065.857,9,0.009047105,5790.743173
GH,GH,4,GH4.3,2.648,Long-term,6,60,0.074,2147.03,,,12882.2,958432.865,9,0.009047105,8671.043001
GH,GH,4,GH4.4,1.555,Long-term,5.3,60,0.061,1529.51,,,8106.4,603115.672,9,0.009047105,5456.45096
GH,GH,4,GH4.5,1.155,Long-term,5.3,60,0.066,1050,,,5565,414036,9,0.009047105,3745.827268
GH,GH,5,GH5.1,1.183,Long-term,6,60,0.051,1391.76,44.8,22.43759178,8350.6,374106.353,9,0.009047105,3384.579549
GH,GH,5,GH5.2,3.275,Long-term,6.7,60,0.072,2729.17,,,18285.4,819186.667,9,0.009047105,7411.267993
GH,GH,5,GH5.3,3.717,Long-term,6,60,0.067,3328.66,,,19971.9,894742.925,9,0.009047105,8094.833411
GH,GH,5,GH5.4,2.556,Long-term,7,60,0.074,2072.43,,,14507,649914.811,9,0.009047105,5879.847696
GH,GH,5,GH5.5,0.739,Long-term,5.7,60,0.07,633.43,,,3610.5,161752.32,9,0.009047105,1463.390263
GI,GIW,1,GIW1.1,0.98,Short-term,6,60,0.058,1013.79,65.6,23.80453752,6082.8,399028.966,3,0.09134971,36451.18033
GI,GIW,1,GIW1.2,2.909,Short-term,5.7,60,0.086,2029.53,,,11568.3,758883.684,3,0.09134971,69323.80446
GI,GIW,1,GIW1.3,1.041,Short-term,6.7,60,0.099,630.91,,,4227.1,277297.164,3,0.09134971,25331.01552
GI,GIW,1,GIW1.4,0.57,Short-term,7.3,60,0.054,633.33,,,4623.3,303290.667,3,0.09134971,27705.51448
GI,GIW,1,GIW1.5,1.417,Short-term,7,60,0.079,1076.2,,,7533.4,494192.203,3,0.09134971,45144.31443
GI,GIW,2,GIW2.1,1.104,Short-term,5.3,60,0.051,1298.82,85.6,0.195121951,6883.8,589250.259,3,0.09134971,53827.84028
GI,GIW,2,GIW2.2,2.198,Short-term,4.7,60,0.052,2536.15,,,11919.9,1020345.42,3,0.09134971,93208.25822
GI,GIW,2,GIW2.3,0.552,Short-term,4.7,60,0.071,466.48,,,2192.5,187673.78,3,0.09134971,17143.94538
GI,GIW,2,GIW2.4,0.945,Short-term,5,60,0.082,691.46,,,3457.3,295946.342,3,0.09134971,27034.61252
GI,GIW,2,GIW2.5,1.584,Short-term,5.3,60,0.058,1638.62,,,8684.7,743409.435,3,0.09134971,67910.2363
GI,GIW,3,GIW3.1,1.329,Short-term,6.3,60,0.072,1107.5,46.4,2.786069652,6977.3,323744.4,3,0.09134971,29573.95705
GI,GIW,3,GIW3.2,0.86,Short-term,5,60,0.049,1053.06,,,5265.3,244310.204,3,0.09134971,22317.66629
GI,GIW,3,GIW3.3,0.373,Short-term,4.3,60,0.038,588.95,,,2532.5,117506.779,3,0.09134971,10734.21018
GI,GIW,3,GIW3.4,0.53,Short-term,5.7,60,0.046,691.3,,,3940.4,182836.174,3,0.09134971,16702.03147
GI,GIW,3,GIW3.5,0.765,Short-term,5.3,60,0.057,805.26,,,4267.9,198030.316,3,0.09134971,18090.01194
GI,GIW,4,GIW4.1,0.422,Short-term,5,60,0.049,516.73,68,16.33802817,2583.7,175689.796,3,0.09134971,16049.21191
GI,GIW,4,GIW4.2,0.408,Short-term,6.7,60,0.066,370.91,,,2485.1,168986.182,3,0.09134971,15436.83872
GI,GIW,4,GIW4.3,0.791,Short-term,7,60,0.058,818.28,,,5727.9,389499.31,3,0.09134971,35580.64901
GI,GIW,4,GIW4.4,0.403,Short-term,5,60,0.055,439.64,,,2198.2,149476.364,3,0.09134971,13654.6225
GI,GIW,4,GIW4.5,0.528,Short-term,7,60,0.055,576,,,4032,274176,3,0.09134971,25045.89809
GI,GIW,5,GIW5.1,0.11,Short-term,4.7,60,0.036,183.33,11.2,0.265339967,861.7,9650.66667,3,0.09134971,881.5856016
GI,GIW,5,GIW5.2,0.216,Short-term,4.3,60,0.036,360,,,1548,17337.6,3,0.09134971,1583.784732
GI,GIW,5,GIW5.3,0.382,Short-term,5,60,0.036,636.67,,,3183.3,35653.3333,3,0.09134971,3256.921657
GI,GIW,5,GIW5.4,0.293,Short-term,4.7,60,0.036,488.33,,,2295.2,25705.8667,3,0.09134971,2348.223468
GI,GIW,5,GIW5.5,0.244,Short-term,3.7,60,0.044,332.73,,,1231.1,13788.2182,3,0.09134971,1259.549734
GI,GIE,1,GIE1.1,1.477,Short-term,6.2,60,0.062,1429.35,8,12.05741627,8862,70896,3,0.09134971,6476.32904
GI,GIE,1,GIE1.2,2.991,Short-term,6.2,60,0.086,2086.74,,,12937.8,103502.512,3,0.09134971,9454.924455
GI,GIE,1,GIE1.3,1.069,Short-term,6.2,60,0.06,1069,,,6627.8,53022.4,3,0.09134971,4843.580864
GI,GIE,1,GIE1.4,0.639,Short-term,6.2,60,0.056,684.64,,,4244.8,33958.2857,3,0.09134971,3102.079551
GI,GIE,1,GIE1.5,1.881,Short-term,6.2,60,0.064,1763.44,,,10933.3,87466.5,3,0.09134971,7990.03941
GI,GIE,2,GIE2.1,1.552,Short-term,6.2,60,0.098,950.2,73.6,2.543352601,5891.3,433597.127,3,0.09134971,39608.97181
GI,GIE,2,GIE2.2,0.95,Short-term,6.2,60,0.05,1140,,,7068,520204.8,3,0.09134971,47520.55762
GI,GIE,2,GIE2.3,1.036,Short-term,6.2,60,0.074,840,,,5208,383308.8,3,0.09134971,35015.14772
GI,GIE,2,GIE2.4,0.355,Short-term,6.2,60,0.086,247.67,,,1535.6,113018.791,3,0.09134971,10324.23378
GI,GIE,2,GIE2.5,0.599,Short-term,6.2,60,0.064,561.56,,,3481.7,256252.2,3,0.09134971,23408.56416
GI,GIE,3,GIE3.1,0.682,Short-term,6.2,60,0.108,378.89,87.2,17.96200345,2349.1,204842.489,3,0.09134971,18712.30197
GI,GIE,3,GIE3.2,0.346,Short-term,6.2,60,0.058,357.93,,,2219.2,193511.835,3,0.09134971,17677.25001
GI,GIE,3,GIE3.3,1.242,Short-term,6.2,60,0.087,856.55,,,5310.6,463086.124,3,0.09134971,42302.78313
GI,GIE,3,GIE3.4,0.629,Short-term,6.2,60,0.063,599.05,,,3714.1,323869.105,3,0.09134971,29585.34882
GI,GIE,3,GIE3.5,1.016,Short-term,6.2,60,0.071,858.59,,,5323.3,464188.935,3,0.09134971,42403.5246
GI,GIE,4,GIE4.1,2.633,Short-term,6.2,60,0.052,3038.08,21.6,6.167400881,18836.1,406859.262,3,0.09134971,37166.47559
GI,GIE,4,GIE4.2,1.366,Short-term,6.2,60,0.055,1490.18,,,9239.1,199565.149,3,0.09134971,18230.21849
GI,GIE,4,GIE4.3,0.533,Short-term,6.2,60,0.038,841.58,,,5217.8,112704.253,3,0.09134971,10295.50083
GI,GIE,4,GIE4.4,0.324,Short-term,6.2,60,0.053,366.79,,,2274.1,49120.8453,3,0.09134971,4487.174973
GI,GIE,4,GIE4.5,2.397,Short-term,6.2,60,0.051,2820,,,17484,377654.4,3,0.09134971,34498.61992
GI,GIE,5,GIE5.1,0.936,Short-term,6.2,60,0.058,968.28,56.8,5.561497326,6003.3,340988.028,3,0.09134971,31149.15747
GI,GIE,5,GIE5.2,1.824,Short-term,6.2,60,0.065,1683.69,,,10438.9,592929.083,3,0.09134971,54163.89978
GI,GIE,5,GIE5.3,0.927,Short-term,6.2,60,0.057,975.79,,,6049.9,343634.021,3,0.09134971,31390.86816
GI,GIE,5,GIE5.4,1.665,Short-term,6.2,60,0.087,1148.28,,,7119.3,404376.828,3,0.09134971,36939.70597
GI,GIE,5,GIE5.5,1.434,Short-term,6.2,60,0.068,1265.29,,,7844.8,445585.977,3,0.09134971,40704.14978
GK,GK,1,GK1.1,1.354,Long-term,5,60,0.071,1144.23,5.6,8.210922787,5721.1,32038.3099,15,0.044520535,1426.362705
GK,GK,1,GK1.2,0.256,Long-term,5,60,0.068,225.88,,,1129.4,6324.70588,15,0.044520535,281.5792911
GK,GK,1,GK1.3,1.412,Long-term,6.7,60,0.076,1114.74,,,7468.7,41824.9263,15,0.044520535,1862.068106
GK,GK,1,GK1.4,2.783,Long-term,6.3,60,0.084,1987.86,,,12523.5,70131.6,15,0.044520535,3122.29637
GK,GK,1,GK1.5,1.062,Long-term,6.7,60,0.069,923.48,,,6187.3,34648.9044,15,0.044520535,1542.58777
GK,GK,2,GK2.1,0.92,Long-term,6.3,60,0.061,904.92,6.4,0.276338515,5701,36486.2951,15,0.044520535,1624.389387
GK,GK,2,GK2.2,1.005,Long-term,6,60,0.042,1435.71,,,8614.3,55131.4286,15,0.044520535,2454.480711
GK,GK,2,GK2.3,0.402,Long-term,6,60,0.045,536,,,3216,20582.4,15,0.044520535,916.3394648
GK,GK,2,GK2.4,0.291,Long-term,5.3,60,0.044,396.82,,,2103.1,13460.0727,15,0.044520535,599.2496412
GK,GK,2,GK2.5,1.795,Long-term,6.7,60,0.072,1495.83,,,10022.1,64141.3333,15,0.044520535,2855.60649
GK,GK,3,GK3.1,1.702,Long-term,5.7,60,0.056,1823.57,43.2,0.060882801,10394.4,449036.229,15,0.044520535,19991.33326
GK,GK,3,GK3.2,1.241,Long-term,4.7,60,0.055,1353.82,,,6362.9,274879.244,15,0.044520535,12237.77107
GK,GK,3,GK3.3,0.546,Long-term,5.7,60,0.061,537.05,,,3061.2,132242.99,15,0.044520535,5887.528699
GK,GK,3,GK3.4,0.992,Long-term,6.7,60,0.056,1062.86,,,7121.1,307633.371,15,0.044520535,13696.00234
GK,GK,3,GK3.5,0.541,Long-term,5.3,60,0.05,649.2,,,3440.8,148640.832,15,0.044520535,6617.569401
GK,GK,4,GK4.1,0.884,Long-term,6.3,60,0.057,930.53,48,0,5862.3,281391.158,15,0.044520535,12527.68497
GK,GK,4,GK4.2,1.026,Long-term,5,60,0.051,1207.06,,,6035.3,289694.118,15,0.044520535,12897.33719
GK,GK,4,GK4.3,0.822,Long-term,5.7,60,0.062,795.48,,,4534.3,217644.387,15,0.044520535,9689.644605
GK,GK,4,GK4.4,0.726,Long-term,5,60,0.056,777.86,,,3889.3,186685.714,15,0.044520535,8311.347912
GK,GK,4,GK4.5,1.051,Long-term,6.3,60,0.06,1051,,,6621.3,317822.4,15,0.044520535,14149.62336
GK,GK,5,GK5.1,0.158,Long-term,6,60,0.058,163.45,5.6,0,980.7,5491.86207,15,0.044520535,244.5006389
GK,GK,5,GK5.2,0.17,Long-term,5,60,0.044,231.82,,,1159.1,6490.90909,15,0.044520535,288.978747
GK,GK,5,GK5.3,0.063,Long-term,4.3,60,0.045,84,,,361.2,2022.72,15,0.044520535,90.05257707
GK,GK,5,GK5.4,0.108,Long-term,4.7,60,0.058,111.72,,,525.1,2940.57931,15,0.044520535,130.9161648
GK,GK,5,GK5.5,0.086,Long-term,4.7,60,0.053,97.36,,,457.6,2562.47547,15,0.044520535,114.0827795
IC,IC,1,IC1.1,1.125,Long-term,6.7,60,0.064,1054.69,50.7,8.407224959,7066.4,358266.797,15,0.012942562,4636.890184
IC,IC,1,IC1.2,0.66,Long-term,5,60,0.07,565.71,,,2828.6,143408.571,15,0.012942562,1856.074302
IC,IC,1,IC1.3,1.674,Long-term,6.7,60,0.085,1181.65,,,7917,401393.689,15,0.012942562,5195.062651
IC,IC,1,IC1.4,0.736,Long-term,6.7,60,0.068,649.41,,,4351.1,220598.682,15,0.012942562,2855.112089
IC,IC,1,IC1.5,0.478,Long-term,6.7,60,0.08,358.5,,,2402,121778.865,15,0.012942562,1576.130494
IC,IC,2,IC2.1,0.732,Long-term,5.3,60,0.109,402.94,28,10.58201058,2135.6,59795.6697,15,0.012942562,773.9091542
IC,IC,2,IC2.2,1.172,Long-term,6.3,60,0.078,901.54,,,5679.7,159031.385,15,0.012942562,2058.273539
IC,IC,2,IC2.3,0.139,Long-term,5.3,60,0.081,102.96,,,545.7,15279.7037,15,0.012942562,197.7585104
IC,IC,2,IC2.4,0.924,Long-term,6,60,0.097,571.55,,,3429.3,96019.7938,15,0.012942562,1242.742121
IC,IC,2,IC2.5,0.48,Long-term,4.7,60,0.064,450,,,2115,59220,15,0.012942562,766.4585135
IC,IC,3,IC3.1,1.451,Long-term,5,60,0.075,1160.8,44,22.86778399,5804,255376,15,0.012942562,3305.219678
IC,IC,3,IC3.2,0.66,Long-term,4.3,60,0.064,618.75,,,2660.6,117067.5,15,0.012942562,1515.153361
IC,IC,3,IC3.3,0.487,Long-term,4.3,60,0.046,635.22,,,2731.4,120183.13,15,0.012942562,1555.477595
IC,IC,3,IC3.4,0.732,Long-term,6,60,0.077,570.39,,,3422.3,150582.857,15,0.012942562,1948.927942
IC,IC,3,IC3.5,1.697,Long-term,4.7,60,0.08,1272.75,,,5981.9,263204.7,15,0.012942562,3406.543112
IC,IC,4,IC4.1,0.808,Long-term,8.3,60,0.094,515.74,21.3,26.24561404,4280.7,91178.5021,15,0.012942562,1180.083404
IC,IC,4,IC4.2,1.486,Long-term,5.7,60,0.099,900.61,,,5133.5,109342.582,15,0.012942562,1415.173132
IC,IC,4,IC4.3,1.215,Long-term,7.3,60,0.059,1235.59,,,9019.8,192122.39,15,0.012942562,2486.555918
IC,IC,4,IC4.4,1.429,Long-term,4.7,60,0.098,874.9,,,4112,87586.0347,15,0.012942562,1133.587672
ISU,ISU,1,ISU1.1,1.184,Short-term,3.7,60,0.037,1920,31.2,3.622350674,7104,221644.8,0,0.042105536,9332.473115
ISU,ISU,1,ISU1.2,1.33,Short-term,5.3,60,0.04,1995,,,10573.5,329893.2,0,0.042105536,13890.33002
ISU,ISU,1,ISU1.3,1.897,Short-term,6.7,60,0.045,2529.33,,,16946.5,528731.84,0,0.042105536,22262.53755
ISU,ISU,1,ISU1.4,2.032,Short-term,5.7,60,0.036,3386.67,,,19304,602284.8,0,0.042105536,25359.52436
ISU,ISU,1,ISU1.5,0.655,Short-term,5.3,60,0.048,818.75,,,4339.4,135388.5,0,0.042105536,5700.605367
ISU,ISU,2,ISU2.1,2.399,Short-term,6.7,60,0.047,3062.55,49.6,1.709401709,20519.1,1017747.68,0,0.042105536,42852.81162
ISU,ISU,2,ISU2.2,1.786,Short-term,5.7,60,0.049,2186.94,,,12465.6,618291.331,0,0.042105536,26033.48792
ISU,ISU,2,ISU2.3,2.412,Short-term,5.3,60,0.06,2412,,,12783.6,634066.56,0,0.042105536,26697.7124
ISU,ISU,2,ISU2.4,2.048,Short-term,5.7,60,0.044,2792.73,,,15918.5,789559.855,0,0.042105536,33244.84093
ISU,ISU,2,ISU2.5,2.002,Short-term,5.3,60,0.064,1876.88,,,9947.4,493392.9,0,0.042105536,20774.57253
ISU,ISU,3,ISU3.1,0.286,Short-term,3,60,0.032,536.25,12,0.579710145,1608.8,19305,0,0.042105536,812.8473733
ISU,ISU,3,ISU3.2,0.302,Short-term,5.3,60,0.056,323.57,,,1714.9,20579.1429,0,0.042105536,866.4958431
ISU,ISU,3,ISU3.3,0.291,Short-term,3.7,60,0.025,698.4,,,2584.1,31008.96,0,0.042105536,1305.648883
ISU,ISU,3,ISU3.4,0.404,Short-term,4.7,60,0.042,577.14,,,2712.6,32550.8571,0,0.042105536,1370.571287
ISU,ISU,3,ISU3.5,0.339,Short-term,4.7,60,0.045,452,,,2124.4,25492.8,0,0.042105536,1073.388009
ISU,ISU,4,ISU4.1,0.377,Short-term,4.7,60,0.036,628.33,8,0,2953.2,23625.3333,0,0.042105536,994.7573228
ISU,ISU,4,ISU4.2,0.239,Short-term,4.7,60,0.048,298.75,,,1404.1,11233,0,0.042105536,472.9714864
ISU,ISU,4,ISU4.3,0.157,Short-term,4.3,60,0.043,219.07,,,942,7536,0,0.042105536,317.3073196
ISU,ISU,4,ISU4.4,0.274,Short-term,3.3,60,0.045,365.33,,,1205.6,9644.8,0,0.042105536,406.099474
ISU,ISU,4,ISU4.5,0.304,Short-term,4,60,0.037,492.97,,,1971.9,15775.1351,0,0.042105536,664.2205195
ISU,ISU,5,ISU5.1,0.828,Short-term,6,60,0.064,776.25,26.4,14.07725322,4657.5,122958,0,0.042105536,5177.212501
ISU,ISU,5,ISU5.2,1.202,Short-term,5.7,60,0.052,1386.92,,,7905.5,208704.185,0,0.042105536,8787.601584
ISU,ISU,5,ISU5.3,0.89,Short-term,5.7,60,0.061,875.41,,,4989.8,131731.672,0,0.042105536,5546.632664
ISU,ISU,5,ISU5.4,1.46,Short-term,6.3,60,0.062,1412.9,,,8901.3,234994.065,0,0.042105536,9894.551074
ISU,ISU,5,ISU5.5,1.982,Short-term,6.3,60,0.099,1201.21,,,7567.6,199785.6,0,0.042105536,8412.079782
JI,JI,1,JI1.1,2.332,Short-term,6.3,60,0.089,1572.135,43.2,54.31855501,9904.4505,427872.2616,0,0.093251525,39899.7408
JI,JI,1,JI1.2,0.966,Short-term,6.3,60,0.061,950.164,,,5986.0332,258596.6342,0,0.093251525,24114.53044
JI,JI,1,JI1.3,4.351,Short-term,6.3,60,0.092,2837.609,,,17876.9367,772283.6654,0,0.093251525,72016.62936
JI,JI,1,JI1.4,2.269,Short-term,6.3,60,0.089,1529.663,,,9636.8769,416313.0821,0,0.093251525,38821.82969
JI,JI,1,JI1.5,2.712,Short-term,6.3,60,0.064,2542.5,,,16017.75,691966.8,0,0.093251525,64526.95919
JI,JI,2,JI2.1,0.909,Short-term,6.3,60,0.05,1090.8,31.2,0.063795853,6872.04,214407.648,0,0.093251525,19993.8401
JI,JI,2,JI2.2,0.492,Short-term,6.3,60,0.047,628.085,,,3956.9355,123456.3876,0,0.093251525,11512.49639
JI,JI,2,JI2.3,2.155,Short-term,6.3,60,0.056,2308.929,,,14546.2527,453843.0842,0,0.093251525,42321.55961
JI,JI,2,JI2.4,0.986,Short-term,6.3,60,0.059,1002.712,,,6317.0856,197093.0707,0,0.093251525,18379.22936
JI,JI,2,JI2.5,0.348,Short-term,6.3,60,0.051,409.412,,,2579.2956,80474.02272,0,0.093251525,7504.325323
JI,JI,3,JI3.1,2.939,Short-term,6.3,60,0.075,2351.2,28.8,31.4992722,14812.56,426601.728,0,0.093251525,39781.26161
JI,JI,3,JI3.2,3.435,Short-term,6.3,60,0.09,2290,,,14427,415497.6,0,0.093251525,38745.78474
JI,JI,3,JI3.3,1.379,Short-term,6.3,60,0.066,1253.636,,,7897.9068,227459.7158,0,0.093251525,21210.96532
JI,JI,3,JI3.4,0.465,Short-term,6.3,60,0.067,416.418,,,2623.4334,75554.88192,0,0.093251525,7045.607943
JI,JI,3,JI3.5,0.818,Short-term,6.3,60,0.059,831.864,,,5240.7432,150933.4042,0,0.093251525,14074.77008
JI,JI,4,JI4.1,0.821,Short-term,6.3,60,0.075,656.8,16.8,22.9787234,4137.84,69515.712,0,0.093251525,6482.44614
JI,JI,4,JI4.2,0.892,Short-term,6.3,60,0.059,907.119,,,5714.8497,96009.47496,0,0.093251525,8953.029933
JI,JI,4,JI4.3,0.608,Short-term,6.3,60,0.059,618.305,,,3895.3215,65441.4012,0,0.093251525,6102.510445
JI,JI,4,JI4.4,1.147,Short-term,6.3,60,0.056,1228.929,,,7742.2527,130069.8454,0,0.093251525,12129.21141
JI,JI,4,JI4.5,1.162,Short-term,6.3,60,0.067,1040.597,,,6555.7611,110136.7865,0,0.093251525,10270.42327
JI,JI,5,JI5.1,4.413,Short-term,6.3,60,0.043,6157.674,56.8,5.446808511,38793.3462,2203462.064,0,0.093251525,205476.1972
JI,JI,5,JI5.2,2.715,Short-term,6.3,60,0.057,2857.895,,,18004.7385,1022669.147,0,0.093251525,95365.4573
JI,JI,5,JI5.3,2.824,Short-term,6.3,60,0.064,2647.5,,,16679.25,947381.4,0,0.093251525,88344.76009
JI,JI,5,JI5.4,3.187,Short-term,6.3,60,0.055,3476.727,,,21903.3801,1244111.99,0,0.093251525,116015.3401
JI,JI,5,JI5.5,2.835,Short-term,6.3,60,0.059,2883.051,,,18163.2213,1031670.97,0,0.093251525,96204.89102
LJ,ELJ,1,ELJ1.1,0.777,Long-term,5.7,60,0.051,914.12,58.4,12.21674877,5210.5,304291.482,21,0.055717179,16954.26287
LJ,ELJ,1,ELJ1.2,1.592,Long-term,6.3,60,0.051,1872.94,,,11799.5,689092.518,21,0.055717179,38394.29093
LJ,ELJ,1,ELJ1.3,1.95,Long-term,6.3,60,0.07,1671.43,,,10530,614952,21,0.055717179,34263.39045
LJ,ELJ,1,ELJ1.4,2.666,Long-term,6.7,60,0.063,2539.05,,,17011.6,993478.552,21,0.055717179,55353.82197
LJ,ELJ,1,ELJ1.5,2.383,Long-term,6.7,60,0.092,1554.13,,,10412.7,608100.157,21,0.055717179,33881.62509
LJ,ELJ,2,ELJ2.1,2.21,Long-term,5.3,60,0.045,2946.67,68.8,8.888888889,15617.3,1074472.53,21,0.055717179,59866.57791
LJ,ELJ,2,ELJ2.2,2.236,Long-term,6,60,0.062,2163.87,,,12983.2,893245.936,21,0.055717179,49769.1434
LJ,ELJ,2,ELJ2.3,2.376,Long-term,5.3,60,0.058,2457.93,,,13027,896259.972,21,0.055717179,49937.07698
LJ,ELJ,2,ELJ2.4,1.188,Long-term,6,60,0.067,1063.88,,,6383.3,439169.91,21,0.055717179,24469.30834
LJ,ELJ,2,ELJ2.5,2.427,Long-term,7,60,0.078,1866.92,,,13068.5,899110.154,21,0.055717179,50095.88108
LJ,ELJ,3,ELJ3.1,0.759,Long-term,6,60,0.062,734.52,54.4,7.01754386,4407.1,239746.065,21,0.055717179,13357.97434
LJ,ELJ,3,ELJ3.2,0.736,Long-term,5,60,0.081,545.19,,,2725.9,148290.37,21,0.055717179,8262.321038
LJ,ELJ,3,ELJ3.3,0.734,Long-term,6.7,60,0.066,667.27,,,4470.7,243207.564,21,0.055717179,13550.83929
LJ,ELJ,3,ELJ3.4,0.465,Long-term,5.3,60,0.058,481.03,,,2549.5,138691.862,21,0.055717179,7727.519253
LJ,ELJ,3,ELJ3.5,0.642,Long-term,6.3,60,0.043,895.81,,,5643.6,307013.358,21,0.055717179,17105.91812
LJ,ELJ,4,ELJ4.1,1.818,Long-term,6.3,60,0.071,1536.34,51.2,9.852744311,9678.9,495561.194,21,0.055717179,27611.27158
LJ,ELJ,4,ELJ4.2,1.174,Long-term,6.7,60,0.062,1136.13,,,7612.1,389737.703,21,0.055717179,21715.08523
LJ,ELJ,4,ELJ4.3,1.929,Long-term,7,60,0.057,2030.53,,,14213.7,727740.632,21,0.055717179,40547.65481
LJ,ELJ,4,ELJ4.4,1.569,Long-term,6.7,60,0.066,1426.36,,,9556.6,489299.782,21,0.055717179,27262.40337
LJ,ELJ,4,ELJ4.5,1.643,Long-term,7.7,60,0.061,1616.07,,,12443.7,637117.692,21,0.055717179,35498.40027
LJ,ELJ,5,ELJ5.1,1.647,Long-term,7.7,60,0.086,1149.07,39.2,17.59450172,8847.8,346835.219,21,0.055717179,19324.67986
LJ,ELJ,5,ELJ5.2,0.931,Long-term,7.7,60,0.088,634.77,,,4887.8,191599.8,21,0.055717179,10675.40029
LJ,ELJ,5,ELJ5.3,0.964,Long-term,9.3,60,0.094,615.32,,,5722.5,224320.749,21,0.055717179,12498.51925
LJ,ELJ,5,ELJ5.4,0.28,Long-term,8,60,0.09,186.67,,,1493.3,58538.6667,21,0.055717179,3261.609351
LJ,ELJ,5,ELJ5.5,0.356,Long-term,7,60,0.065,328.62,,,2300.3,90172.0615,21,0.055717179,5024.13286
LJ,MLJ,1,MLJ1.1,0.595,Long-term,7.3,60,0.087,410.34,58.4,6.424870466,2995.5,174938.207,21,0.055717179,9747.063333
LJ,MLJ,1,MLJ1.2,1.135,Long-term,6,60,0.068,1001.47,,,6008.8,350915.294,21,0.055717179,19552.01013
LJ,MLJ,1,MLJ1.3,1.621,Long-term,5,60,0.065,1496.31,,,7481.5,436921.846,21,0.055717179,24344.05255
LJ,MLJ,1,MLJ1.4,0.994,Long-term,5.3,60,0.066,903.64,,,4789.3,279693.527,21,0.055717179,15583.73421
LJ,MLJ,1,MLJ1.5,1.596,Long-term,6.3,60,0.078,1227.69,,,7734.5,451692.554,21,0.055717179,25167.03473
LJ,MLJ,2,MLJ2.1,1.069,Long-term,7.3,60,0.067,957.31,61.6,15.43568465,6988.4,430484.705,21,0.055717179,23985.39322
LJ,MLJ,2,MLJ2.2,0.905,Long-term,8.3,60,0.102,532.35,,,4418.5,272181.412,21,0.055717179,15165.18036
LJ,MLJ,2,MLJ2.3,1.675,Long-term,7.3,60,0.087,1155.17,,,8432.8,519457.931,21,0.055717179,28942.73034
LJ,MLJ,2,MLJ2.4,0.62,Long-term,6,60,0.069,539.13,,,3234.8,199262.609,21,0.055717179,11102.35038
LJ,MLJ,2,MLJ2.5,2.058,Long-term,7.3,60,0.106,1164.91,,,8503.8,523834.777,21,0.055717179,29186.59586
LJ,MLJ,3,MLJ3.1,0.482,Long-term,6.7,60,0.068,425.29,72,19.59311424,2849.5,205161.882,21,0.055717179,11431.04123
LJ,MLJ,3,MLJ3.2,0.81,Long-term,6,60,0.067,725.37,,,4352.2,313361.194,21,0.055717179,17459.60163
LJ,MLJ,3,MLJ3.3,0.368,Long-term,5.3,60,0.078,283.08,,,1500.3,108022.154,21,0.055717179,6018.689653
LJ,MLJ,3,MLJ3.4,1.651,Long-term,6.3,60,0.106,934.53,,,5887.5,423902.038,21,0.055717179,23618.62558
LJ,MLJ,3,MLJ3.5,0.461,Long-term,5.7,60,0.075,368.8,,,2102.2,151355.52,21,0.055717179,8433.102548
LJ,MLJ,4,MLJ4.1,0.705,Long-term,8,60,0.104,406.73,106.4,3.801874163,3253.8,346209.231,21,0.055717179,19289.80158
LJ,MLJ,4,MLJ4.2,1.293,Long-term,7,60,0.072,1077.5,,,7542.5,802522,21,0.055717179,44714.26165
LJ,MLJ,4,MLJ4.3,0.988,Long-term,6.7,60,0.07,846.86,,,5673.9,603707.52,21,0.055717179,33636.87975
LJ,MLJ,4,MLJ4.4,1.518,Long-term,6,60,0.083,1097.35,,,6584.1,700547.855,21,0.055717179,39032.54999
LJ,MLJ,4,MLJ4.5,0.804,Long-term,6.7,60,0.101,477.62,,,3200.1,340488.428,21,0.055717179,18971.05457
LJ,MLJ,5,MLJ5.1,0.432,Long-term,6,60,0.043,602.79,31.2,12.13751868,3616.7,112842.419,21,0.055717179,6287.261219
LJ,MLJ,5,MLJ5.2,0.769,Long-term,6.3,60,0.072,640.83,,,4037.3,125962.2,21,0.055717179,7018.258401
LJ,MLJ,5,MLJ5.3,0.199,Long-term,4.7,60,0.037,322.7,,,1516.7,47321.1243,21,0.055717179,2636.599537
LJ,MLJ,5,MLJ5.4,0.181,Long-term,5,60,0.061,178.03,,,890.2,27773.1148,21,0.055717179,1547.439599
LJ,MLJ,5,MLJ5.5,0.204,Long-term,6.3,60,0.05,244.8,,,1542.2,48117.888,21,0.055717179,2680.992962
LJ,NLJ,1,NLJ1.1,0.279,Long-term,7,60,0.119,140.67,63.2,22.78659612,984.7,62233.4118,21,0.055717179,3467.470124
LJ,NLJ,1,NLJ1.2,0.355,Long-term,5,60,0.105,202.86,,,1014.3,64102.8571,21,0.055717179,3571.630341
LJ,NLJ,1,NLJ1.3,0.381,Long-term,5.7,60,0.105,217.71,,,1241,78429.3943,21,0.055717179,4369.864574
LJ,NLJ,1,NLJ1.4,0.242,Long-term,6.3,60,0.106,136.98,,,863,54540.4076,21,0.055717179,3038.837634
LJ,NLJ,1,NLJ1.5,0.6,Long-term,5.3,60,0.103,349.51,,,1852.4,117073.398,21,0.055717179,6522.999432
LJ,NLJ,2,NLJ2.1,0.678,Long-term,5,60,0.06,678,47.2,10.37037037,3390,160008,21,0.055717179,8915.194322
LJ,NLJ,2,NLJ2.2,0.848,Long-term,5.7,60,0.069,737.39,,,4203.1,198387.757,21,0.055717179,11053.6061
LJ,NLJ,2,NLJ2.3,0.778,Long-term,6,60,0.066,707.27,,,4243.6,200299.636,21,0.055717179,11160.1306
LJ,NLJ,2,NLJ2.4,0.726,Long-term,5.3,60,0.06,726,,,3847.8,181616.16,21,0.055717179,10119.14003
LJ,NLJ,2,NLJ2.5,0.757,Long-term,5.7,60,0.062,732.58,,,4175.7,197093.497,21,0.055717179,10981.49358
LJ,NLJ,3,NLJ3.1,0.871,Long-term,4.3,60,0.049,1066.53,49.6,14.96932515,4586.1,227469.649,21,0.055717179,12673.96707
LJ,NLJ,3,NLJ3.2,0.305,Long-term,3,60,0.029,631.03,,,1893.1,93897.931,21,0.055717179,5231.727797
LJ,NLJ,3,NLJ3.3,0.444,Long-term,6,60,0.077,345.97,,,2075.8,102961.87,21,0.055717179,5736.744905
LJ,NLJ,3,NLJ3.4,0.532,Long-term,4,60,0.041,778.54,,,3114.1,154461.659,21,0.055717179,8606.16785
LJ,NLJ,3,NLJ3.5,0.704,Long-term,4.3,60,0.033,1280,,,5504,272998.4,21,0.055717179,15210.70063
LJ,NLJ,4,NLJ4.1,1.347,Long-term,7.7,60,0.098,824.69,15.2,34.90039841,6350.1,96522.1714,21,0.055717179,5377.943068
LJ,NLJ,4,NLJ4.2,0.41,Long-term,7,60,0.088,279.55,,,1956.8,29743.6364,21,0.055717179,1657.231503
LJ,NLJ,4,NLJ4.3,0.532,Long-term,7,60,0.119,268.24,,,1877.6,28540.2353,21,0.055717179,1590.181389
LJ,NLJ,4,NLJ4.4,0.347,Long-term,5.7,60,0.078,266.92,,,1521.5,23126.2154,21,0.055717179,1288.527475
LJ,NLJ,4,NLJ4.5,0.619,Long-term,7.3,60,0.084,442.14,,,3227.6,49060.1714,21,0.055717179,2733.494335
LJ,NLJ,5,NLJ5.1,2.95,Long-term,5.7,60,0.05,3540,53.6,2.69058296,20178,1081540.8,21,0.055717179,60260.40198
LJ,NLJ,5,NLJ5.2,0.403,Long-term,4.3,60,0.079,306.08,,,1316.1,70544.3848,21,0.055717179,3930.534091
LJ,NLJ,5,NLJ5.3,1.09,Long-term,5.7,60,0.039,1676.92,,,9558.5,512333.539,21,0.055717179,28545.77932
LJ,NLJ,5,NLJ5.4,1.312,Long-term,6,60,0.067,1174.93,,,7049.6,377856,21,0.055717179,21053.07026
LJ,NLJ,5,NLJ5.5,1.258,Long-term,6.7,60,0.046,1640.87,,,10993.8,589269.078,21,0.055717179,32832.41049
MZ,MZ,1,MZ1.1,0.334,Long-term,6.7,60,0.052,385.38,58.4,0.345423143,2582.1,150793.292,15,0.007922741,1194.696254
MZ,MZ,1,MZ1.2,0.791,Long-term,6,60,0.044,1078.64,,,6471.8,377954.182,15,0.007922741,2994.433236
MZ,MZ,1,MZ1.3,0.54,Long-term,6,60,0.033,981.82,,,5890.9,344029.091,15,0.007922741,2725.653513
MZ,MZ,1,MZ1.4,0.424,Long-term,6,60,0.047,541.28,,,3247.7,189663.319,15,0.007922741,1502.653425
MZ,MZ,1,MZ1.5,1.128,Long-term,5.3,60,0.05,1353.6,,,7174.1,418966.272,15,0.007922741,3319.361418
MZ,MZ,2,MZ2.1,0.691,Long-term,5.7,60,0.04,1036.5,21.6,0.139616056,5908.1,127613.88,15,0.007922741,1011.051767
MZ,MZ,2,MZ2.2,0.364,Long-term,5,60,0.05,436.8,,,2184,47174.4,15,0.007922741,373.7505707
MZ,MZ,2,MZ2.3,0.593,Long-term,6,60,0.042,847.14,,,5082.9,109789.714,15,0.007922741,869.8355096
MZ,MZ,2,MZ2.4,1.09,Long-term,5.7,60,0.04,1635,,,9319.5,201301.2,15,0.007922741,1594.857346
MZ,MZ,2,MZ2.5,0.659,Long-term,5.7,60,0.043,919.53,,,5241.3,113213.135,15,0.007922741,896.9583888
MZ,MZ,3,MZ3.1,0.288,Long-term,5.3,60,0.035,493.71,32,0.979284369,2616.7,83733.9429,15,0.007922741,663.4023739
MZ,MZ,3,MZ3.2,0.049,Long-term,4.3,60,0.044,66.82,,,287.3,9194.18182,15,0.007922741,72.84312471
MZ,MZ,3,MZ3.3,0.149,Long-term,5,60,0.03,298,,,1490,47680,15,0.007922741,377.7563087
MZ,MZ,3,MZ3.4,0.437,Long-term,5,60,0.028,936.43,,,4682.1,149828.571,15,0.007922741,1187.053019
MZ,MZ,3,MZ3.5,0.212,Long-term,4.3,60,0.03,424,,,1823.2,58342.4,15,0.007922741,462.2317464
MZ,MZ,4,MZ4.1,0.514,Long-term,9,60,0.064,481.88,28,13.47670251,4336.9,121432.5,15,0.007922741,962.078292
MZ,MZ,4,MZ4.2,1.021,Long-term,6,60,0.072,850.83,,,5105,142940,15,0.007922741,1132.476652
MZ,MZ,4,MZ4.3,2.278,Long-term,11.3,60,0.105,1301.71,,,14709.4,411862.4,15,0.007922741,3263.079277
MZ,MZ,4,MZ4.4,3.013,Long-term,6.3,60,0.079,2288.35,,,14416.6,403665.722,15,0.007922741,3198.139117
MZ,MZ,4,MZ4.5,0.83,Long-term,6.7,60,0.066,754.55,,,5055.5,141552.727,15,0.007922741,1121.485647
MZ,MZ,5,MZ5.1,1.418,Long-term,5.3,60,0.082,1037.56,20,17.26315789,5499.1,109981.463,15,0.007922741,871.3546874
MZ,MZ,5,MZ5.2,0.62,Long-term,8,60,0.078,476.92,,,3815.4,76307.6923,15,0.007922741,604.566111
MZ,MZ,5,MZ5.3,3.549,Long-term,8.3,60,0.095,2241.47,,,18604.2,372084.632,15,0.007922741,2947.930309
MZ,MZ,5,MZ5.4,3.032,Long-term,9,60,0.09,2021.33,,,18192,363840,15,0.007922741,2882.610222
MZ,MZ,5,MZ5.5,1.143,Long-term,8,60,0.088,779.32,,,6234.5,124690.909,15,0.007922741,987.8938238
MZ,MZW,1,MZW1.1,0.442,Long-term,5.7,60,0.076,348.95,40,6.706586826,1989,79560,15,0.007922741,630.3333038
MZ,MZW,1,MZW1.2,0.339,Long-term,4.3,60,0.049,415.1,,,1784.9,71397.551,15,0.007922741,565.6643314
MZ,MZW,1,MZW1.3,0.562,Long-term,5,60,0.053,636.23,,,3181.1,127245.283,15,0.007922741,1008.131468
MZ,MZW,1,MZW1.4,0.524,Long-term,5,60,0.058,542.07,,,2710.3,108413.793,15,0.007922741,858.9344434
MZ,MZW,1,MZW1.5,0.699,Long-term,5.7,60,0.055,762.55,,,4346.5,173860.364,15,0.007922741,1377.450699
MZ,MZW,2,MZW2.1,1.011,Long-term,4,60,0.044,1378.64,25.3,0.50955414,5514.5,139518,15,0.007922741,1105.365031
MZ,MZW,2,MZW2.2,0.85,Long-term,4,60,0.043,1186.05,,,4744.2,120027.907,15,0.007922741,950.9500649
MZ,MZW,2,MZW2.3,1.146,Long-term,5,60,0.055,1250.18,,,6250.9,158148,15,0.007922741,1252.965703
MZ,MZW,2,MZW2.4,1.308,Long-term,4.7,60,0.045,1744,,,8196.8,207379.04,15,0.007922741,1643.0105
MZ,MZW,2,MZW2.5,1.067,Long-term,4.7,60,0.046,1391.74,,,6541.2,165491.7,15,0.007922741,1311.147939
MZ,MZW,3,MZW3.1,0.871,Long-term,4,60,0.066,791.82,45.3,9.107468124,3167.3,143477.455,15,0.007922741,1136.734769
MZ,MZW,3,MZW3.2,1.207,Long-term,4.7,60,0.054,1341.11,,,6303.2,285535.967,15,0.007922741,2262.22762
MZ,MZW,3,MZW3.3,0.631,Long-term,5.7,60,0.067,565.07,,,3220.9,145907.919,15,0.007922741,1155.990707
MZ,MZW,3,MZW3.4,1.108,Long-term,5,60,0.056,1187.14,,,5935.7,268887.857,15,0.007922741,2130.32895
MZ,MZW,3,MZW3.5,0.541,Long-term,5.7,60,0.067,484.48,,,2761.5,125096.964,15,0.007922741,991.1108925
MZ,MZW,4,MZW4.1,1.133,Long-term,6,60,0.062,1096.45,12,2.723404255,6578.7,78944.5161,15,0.007922741,625.456984
MZ,MZW,4,MZW4.2,0.581,Long-term,6.3,60,0.065,536.31,,,3378.7,40544.8615,15,0.007922741,321.2264517
MZ,MZW,4,MZW4.3,0.474,Long-term,5.7,60,0.068,418.24,,,2383.9,28607.2941,15,0.007922741,226.6481926
MZ,MZW,4,MZW4.4,0.228,Long-term,6.7,60,0.067,204.18,,,1368,16416,15,0.007922741,130.0597224
MZ,MZW,4,MZW4.5,0.418,Long-term,7.3,60,0.082,305.85,,,2232.7,26792.7805,15,0.007922741,212.2722706
MZ,MZW,5,MZW5.1,0.94,Long-term,8,60,0.08,705,33.3,1.295546559,5640,187812,15,0.007922741,1487.985903
MZ,MZW,5,MZW5.2,1.337,Long-term,7.3,60,0.09,891.33,,,6506.7,216674.22,15,0.007922741,1716.653808
MZ,MZW,5,MZW5.3,1.201,Long-term,5.3,60,0.061,1181.31,,,6261,208489.662,15,0.007922741,1651.809671
MZ,MZW,5,MZW5.4,1.045,Long-term,6,60,0.066,950,,,5700,189810,15,0.007922741,1503.81554
MZ,MZW,5,MZW5.5,0.813,Long-term,5.7,60,0.057,855.79,,,4878,162437.4,15,0.007922741,1286.94951
PT,PT,1,PT1.1,0.835,Long-term,6.4,60,0.054,927.78,65.6,3.033175355,5937.8,389518.222,11,0.013869801,5402.540103
PT,PT,1,PT1.2,0.307,Long-term,6.4,60,0.04,460.5,,,2947.2,193336.32,11,0.013869801,2681.536224
PT,PT,1,PT1.3,0.72,Long-term,6.4,60,0.052,830.77,,,5316.9,348790.154,11,0.013869801,4837.649918
PT,PT,1,PT1.4,0.426,Long-term,6.4,60,0.04,639,,,4089.6,268277.76,11,0.013869801,3720.95906
PT,PT,1,PT1.5,0.474,Long-term,6.4,60,0.047,605.11,,,3872.7,254047.864,11,0.013869801,3523.593239
PT,PT,2,PT2.1,3.208,Long-term,6.4,60,0.073,2636.71,64.8,5.696400626,16875,1093497.34,11,0.013869801,15166.59016
PT,PT,2,PT2.2,1.51,Long-term,6.4,60,0.081,1118.52,,,7158.5,463872,11,0.013869801,6433.812184
PT,PT,2,PT2.3,2.865,Long-term,6.4,60,0.05,3438,,,22003.2,1425807.36,11,0.013869801,19775.6639
PT,PT,2,PT2.4,1.92,Long-term,6.4,60,0.067,1719.4,,,11004.2,713070.806,11,0.013869801,9890.149955
PT,PT,2,PT2.5,3.195,Long-term,6.4,60,0.059,3249.15,,,20794.6,1347488.54,11,0.013869801,18689.39748
PT,PT,3,PT3.1,0.747,Long-term,6.4,60,0.046,974.35,42.4,2.976744186,6235.8,264399.026,11,0.013869801,3667.161793
PT,PT,3,PT3.2,0.499,Long-term,6.4,60,0.031,965.81,,,6181.2,262081.239,11,0.013869801,3635.014549
PT,PT,3,PT3.3,1.144,Long-term,6.4,60,0.051,1345.88,,,8613.6,365218.635,11,0.013869801,5065.509675
PT,PT,3,PT3.4,1.096,Long-term,6.4,60,0.049,1342.04,,,8589.1,364176.196,11,0.013869801,5051.051254
PT,PT,3,PT3.5,0.69,Long-term,6.4,60,0.048,862.5,,,5520,234048,11,0.013869801,3246.199111
PT,PT,4,PT4.1,0.756,Long-term,6.4,60,0.023,1972.17,82.4,0.843881857,12621.9,1040045.64,11,0.013869801,14425.22573
PT,PT,4,PT4.2,0.994,Long-term,6.4,60,0.053,1125.28,,,7201.8,593429.253,11,0.013869801,8230.745461
PT,PT,4,PT4.3,0.285,Long-term,6.4,60,0.046,371.74,,,2379.1,196040.348,11,0.013869801,2719.040553
PT,PT,4,PT4.4,2.786,Long-term,6.4,60,0.065,2571.69,,,16458.8,1356207.66,11,0.013869801,18810.32993
PT,PT,4,PT4.5,0.756,Long-term,6.4,60,0.036,1260,,,8064,664473.6,11,0.013869801,9216.116394
PT,PT,5,PT5.1,1.385,Long-term,6.4,60,0.066,1259.09,63.2,7.121820616,8058.2,509277.091,11,0.013869801,7063.571747
PT,PT,5,PT5.2,0.46,Long-term,6.4,60,0.064,431.25,,,2760,174432,11,0.013869801,2419.337074
PT,PT,5,PT5.3,1.025,Long-term,6.4,60,0.065,946.15,,,6055.4,382700.308,11,0.013869801,5307.976995
PT,PT,5,PT5.4,0.564,Long-term,6.4,60,0.094,360,,,2304,145612.8,11,0.013869801,2019.620514
PT,PT,5,PT5.5,0.73,Long-term,6.4,60,0.093,470.97,,,3014.2,190497.032,11,0.013869801,2642.155865
SP,SP,1,SP1.1,0.937,Short-term,5.93,60,0.067,839.1,94.4,8.490878939,4975.9,469723.974,0,0.026617354,12502.80929
SP,SP,1,SP1.2,1.593,Short-term,5.93,60,0.071,1346.2,,,7982.9,753590.414,0,0.026617354,20058.5828
SP,SP,1,SP1.3,0.429,Short-term,5.93,60,0.059,436.27,,,2587.1,244221.12,0,0.026617354,6500.519999
SP,SP,1,SP1.4,0.324,Short-term,5.93,60,0.097,200.41,,,1188.4,112189.242,0,0.026617354,2986.180766
SP,SP,1,SP1.5,1.718,Short-term,5.93,60,0.074,1392.97,,,8260.3,779775.127,0,0.026617354,20755.55057
SP,SP,2,SP2.1,0.362,Short-term,5.93,60,0.064,339.38,78.4,8.955223881,2012.5,157779.51,0,0.026617354,4199.673067
SP,SP,2,SP2.2,1.112,Short-term,5.93,60,0.051,1308.24,,,7757.8,608214.287,0,0.026617354,16189.05497
SP,SP,2,SP2.3,1.282,Short-term,5.93,60,0.063,1220.95,,,7240.2,567635.413,0,0.026617354,15108.95272
SP,SP,2,SP2.4,0.492,Short-term,5.93,60,0.046,641.74,,,3805.5,298352.223,0,0.026617354,7941.346728
SP,SP,2,SP2.5,0.609,Short-term,5.93,60,0.025,1461.6,,,8667.3,679515.379,0,0.026617354,18086.90137
SP,SP,3,SP3.1,1.26,Short-term,5.93,60,0.045,1680,45.6,0.064412238,9962.4,454285.44,0,0.026617354,12091.87636
SP,SP,3,SP3.2,1.077,Short-term,5.93,60,0.047,1374.89,,,8153.1,371782.233,0,0.026617354,9895.859296
SP,SP,3,SP3.3,1.499,Short-term,5.93,60,0.06,1499,,,8889.1,405341.592,0,0.026617354,10789.12063
SP,SP,3,SP3.4,0.534,Short-term,5.93,60,0.066,485.45,,,2878.7,131270.793,0,0.026617354,3494.081164
SP,SP,3,SP3.5,0.876,Short-term,5.93,60,0.075,700.8,,,4155.7,189501.926,0,0.026617354,5044.039843
SP,SP,4,SP4.1,0.194,Short-term,5.93,60,0.039,298.46,51.2,0,1769.9,90617.6985,0,0.026617354,2412.003357
SP,SP,4,SP4.2,0.264,Short-term,5.93,60,0.047,337.02,,,1998.5,102325.052,0,0.026617354,2723.622129
SP,SP,4,SP4.3,0.357,Short-term,5.93,60,0.058,369.31,,,2190,112128.53,0,0.026617354,2984.564773
SP,SP,4,SP4.4,0.71,Short-term,5.93,60,0.051,835.29,,,4953.3,253608.659,0,0.026617354,6750.391447
SP,SP,4,SP4.5,0.674,Short-term,5.93,60,0.065,622.15,,,3689.4,188895.862,0,0.026617354,5027.908023
SP,SP,5,SP5.1,0.492,Short-term,5.93,60,0.085,347.29,28,0,2059.5,57664.7153,0,0.026617354,1534.882139
SP,SP,5,SP5.2,0.347,Short-term,5.93,60,0.087,239.31,,,1419.1,39735.0897,0,0.026617354,1057.642948
SP,SP,5,SP5.3,0.223,Short-term,5.93,60,0.082,163.17,,,967.6,27092.8683,0,0.026617354,721.1404657
SP,SP,5,SP5.4,0.176,Short-term,5.93,60,0.087,121.38,,,719.8,20153.8207,0,0.026617354,536.4413795
SP,SP,5,SP5.5,0.613,Short-term,5.93,60,0.092,399.78,,,2370.7,66379.9044,0,0.026617354,1766.857412
WFU,WFU,1,WFU1.1,0.644,Short-term,5,60,0.042,920,85.6,10.44585987,4600,393760,0,0.144400567,56859.16712
WFU,WFU,1,WFU1.2,0.637,Short-term,5,60,0.038,1005.79,,,5028.9,430477.895,0,0.144400567,62161.25196
WFU,WFU,1,WFU1.3,0.943,Short-term,4.7,60,0.042,1347.14,,,6331.6,541982.514,0,0.144400567,78262.58213
WFU,WFU,1,WFU1.4,1.088,Short-term,5,60,0.042,1554.29,,,7771.4,665234.286,0,0.144400567,96060.20784
WFU,WFU,1,WFU1.5,0.333,Short-term,4.3,60,0.043,464.65,,,1998,171028.8,0,0.144400567,24696.65563
WFU,WFU,2,WFU2.1,1.105,Short-term,4.3,60,0.075,884,60,11.14529915,3801.2,228072,0,0.144400567,32933.72603
WFU,WFU,2,WFU2.2,1.173,Short-term,6.7,60,0.074,951.08,,,6372.2,382334.595,0,0.144400567,55209.33216
WFU,WFU,2,WFU2.3,0.802,Short-term,5.3,60,0.042,1145.71,,,6072.3,364337.143,0,0.144400567,52610.48989
WFU,WFU,2,WFU2.4,1.147,Short-term,6.3,60,0.07,983.14,,,6193.8,371628,0,0.144400567,53663.29378
WFU,WFU,2,WFU2.5,1.346,Short-term,6,60,0.071,1137.46,,,6824.8,409487.324,0,0.144400567,59130.20161
WFU,WFU,3,WFU3.1,0.514,Short-term,5,60,0.044,700.91,48.8,7.457627119,3504.5,171021.818,0,0.144400567,24695.64743
WFU,WFU,3,WFU3.2,0.58,Short-term,5.3,60,0.072,483.33,,,2561.7,125009.333,0,0.144400567,18051.41852
WFU,WFU,3,WFU3.3,0.303,Short-term,4.7,60,0.054,336.67,,,1582.3,77217.8667,0,0.144400567,11150.30371
WFU,WFU,3,WFU3.4,0.334,Short-term,3.7,60,0.043,466.05,,,1724.4,84149.3581,0,0.144400567,12151.21499
WFU,WFU,3,WFU3.5,0.669,Short-term,5.3,60,0.056,716.79,,,3799,185389.457,0,0.144400567,26770.34264
WFU,WFU,4,WFU4.1,0.749,Short-term,4,60,0.049,917.14,20.8,3.868739206,3668.6,76306.2857,0,0.144400567,11018.67089
WFU,WFU,4,WFU4.2,0.756,Short-term,5.3,60,0.076,596.84,,,3163.3,65795.8737,0,0.144400567,9500.961444
WFU,WFU,4,WFU4.3,0.296,Short-term,4.7,60,0.048,370,,,1739,36171.2,0,0.144400567,5223.141776
WFU,WFU,4,WFU4.4,0.389,Short-term,5,60,0.052,448.85,,,2244.2,46680,0,0.144400567,6740.61845
WFU,WFU,4,WFU4.5,0.557,Short-term,6,60,0.07,477.43,,,2864.6,59583.0857,0,0.144400567,8603.831337
WFU,WFU,5,WFU5.1,0.731,Short-term,5.7,60,0.053,827.55,59.2,0.113475177,4717,279247.517,0,0.144400567,40323.49969
WFU,WFU,5,WFU5.2,0.653,Short-term,7.3,60,0.051,768.24,,,5608.1,332000.565,0,0.144400567,47941.06971
WFU,WFU,5,WFU5.3,0.842,Short-term,6,60,0.05,1010.4,,,6062.4,358894.08,0,0.144400567,51824.50851
WFU,WFU,5,WFU5.4,0.487,Short-term,6,60,0.057,512.63,,,3075.8,182086.737,0,0.144400567,26293.428
WFU,WFU,5,WFU5.5,1.15,Short-term,5.3,60,0.058,1189.66,,,6305.2,373266.207,0,0.144400567,53899.8518